Nama Penyakit;Penjelasan Singkat;Saran Gaya Hidup;Saran Makanan
asam urat;Asam urat adalah salah satu jenis radang sendi yang terjadi akibat penumpukan kristal asam urat. Kondisi ini bisa terjadi ketika tubuh menghasilkan terlalu banyak asam urat, atau fungsi ginjal dalam membuang asam urat tidak bekerja dengan baik sehingga membuat kadar asam urat dalam darah terlalu tinggi. Kondisi ini dapat terjadi pada sendi mana pun, seperti di jari kaki, pergelangan kaki, lutut, dan paling sering di jempol kaki.;Gaya hidup sehat bagi penderita asam urat tinggi dengan pengontrolan ataupun mengecek kadar asam urat dalam darah, mengatur makanan bagi penderita asam urat tinggi, menjaga berat  badan yang seimbang, terhidrasi dengan minum yang cukup, mengurangi atau tidak minum alkohol, berhenti merokok,  mengelola stress secara positif, dan berolahraga maupun melakukan aktivitas fisik secara teratur seperti berjalan kaki, senam, berenang, bersepeda, aerobik, dan lainnya agar menghindari risiko komplikasi, jangan lupa untuk tidur yang cukup.;Pengidap asam urat perlu menghindari atau setidaknya membatasi masuknya makanan dengan kandungan tinggi purin ke dalam tubuh. Contoh jenis makanan tinggi purin yang dimaksud adalah jeroan, daging merah, makanan laut, serta makanan dan minuman manis. Adapun makanan yang dianjurkan untuk pengidap asam urat adalah sayur-sayuran dengan kandungan purin rendah seperti kol merah, paprika, wortel, kale, mentimun, selada, dan kentang. Selain itu, buah-buahan juga menjadi makanan untuk pengidap asam urat yang baik untuk dikonsumsi. Jenis buah yang disarankan adalah buah yang mengandung tinggi vitamin C, seperti jeruk, kiwi, ceri, lemon, dan tomat. Selain itu, Teh hijau terbilang ampuh untuk menurunkan kadar asam urat. Makanan untuk pengidap asam urat lainnya adalah produk olahan susu seperti yoghurt. Ikan salmon juga masuk ke dalam makanan yang bisa menurunkan asam urat dalam tubuh. Selanjutya pengidap asam urat  dapat  mengonsumsi makanan sumber karbohidrat kompleks mencegah kekambuhan asam urat seperti kentang, jagung, beras merah, dan ubi.
diabetes;Diabetes adalah kondisi di mana kandungan gula dalam darah melebihi normal dan cenderung tinggi. Diabetes mellitus merupakan salah satu penyakit metabolisme yang mampu menyerang siapa saja. Diabetes mellitus (atau kencing manis) adalah kondisi kronis dan berlangsung seumur hidup yang mempengaruhi kemampuan tubuh dalam menggunakan energi yang dari makanan. Diabetes terjadi ketika tubuh pengidapnya tidak lagi mampu mengambil gula (glukosa) ke dalam sel dan menggunakannya sebagai energi. Kondisi ini pada akhirnya menghasilkan penumpukan gula ekstra dalam aliran darah tubuh.;Gaya hidup yang perlu dijalani pengidap diabetes seperti menjaga pola makan dan asupan gizi. Orang yang mengidap penyakit ini disarankan untuk menghindari jenis makanan yang mengandung terlalu banyak gula tambahan dan tingkatkan juga jumlah asupan makanan yang rendah lemak serta rendah kalori sehingga kadar gula bisa lebih dikontrol. Pengaturan pola makan untuk pengidap penyakit ini, misalnya dengan mengganti asupan karbohidrat, menjadi karbohidrat komplek, contohnya nasi merah, kentang panggang, dan oatmeal. Gaya hidup selanjutnya adalah rutin berolahraga karena  bisa membantu tubuh tetap bugar dan gejala diabetes tidak mudah menyerang dan bisa membantu menjaga berat badan tetap seimbang. Beberapa jenis olahraga yang bisa dilakukan pengidap diabetes adalah berjalan santai, berenang, jogging, bersepeda, atau sekadar melakukan aktivitas harian seperti membersihkan rumah. Selanjutnya, Pengidap diabetes harus selalu memantau kadar gula darah untuk memastikan kondisi tubuh dan mencegah serangan atau komplikasi muncul secara tiba-tiba.;Sebagai penderita diabetes, tentu perlu memperhatikan makanan yang masuk agar gula darah tetap stabil dan terhindar dari komplikasi diabetes. Selain menghindari pantangan makanan diabetes yang tinggi gula, kita juga perlu tahu makanan apa yang sebaiknya dikonsumsi. Umumnya, dianjurkan untuk mengonsumsi makanan yang memiliki indeks glikemik rendah. Makanan penurun gula darah yang memiliki indeks glikemik rendah untuk penderita diabetes seperti jagung,  ubi  jalar,  gandum utuh, sayuran berdaun hijau, kacang-kacangan, biji chia, ikan, yogurt probiotik, kayu manis dan mie shirataki. Adapun minuman untuk penderita diabetes yang aman dikonsumsi seperti  air putih,  jus buah murni tanpa pemanis tambahan, teh tanpa gula, kopi hitam tanpa tambahan lainnya dan  susu rendah lemak.
gula darah tinggi;Gula darah tinggi atau hiperglikemia, terjadi ketika ada terlalu banyak gula dalam darah. Kondisi ini terjadi ketika tubuh memiliki terlalu sedikit insulin atau hormon yang mengangkut glukosa ke dalam darah. Kondisi ini juga bisa terjadi jika tubuh tidak dapat menggunakan insulin dengan benar.;Cara mengendalikan gula darah dapat dilakukan dengan menerapkan pola hidup sehat seperti menjalani pola makan sehat dan bergizi seimbang. Konsumsi makanan tinggi serat, seperti buah-buahan, sayuran, dan biji-bijian utuh, tak hanya baik untuk memenuhi asupan nutrisi harian, tetapi juga menurunkan gula darah dan menjaganya tetap stabil. Rekomendasi asupan serat yang perlu dipenuhi adalah 2532 gram untuk wanita dan 3035 gram untuk pria. Selanjutnya, berolahraga secara rutin merupakan bagian penting dalam mengendalikan gula darah. Saat berolahraga, hormon insulin membawa gula darah ke dalam otot agar bisa mendapatkan energi untuk bergerak. Selain itu, Anda dianjurkan untuk mengendalikan stres agar kadar gula darah tetap normal dan berhenti merokok dan batasi konsumsi alkohol.;Seseorang yang ingin mengontrol gula darahnya harus memilih makanan dengan indeks glikemik rendah atau sedang. beberapa makanan terbaik untuk orang yang ingin menjaga kadar gula darah tetap terkontrol seperti roti gandum,  brokoli, makanan laut, labu kuning atau biji labu, okra, biji rami, kimchi dan asinan kubis, biji chia, kale, ubi jalar, buah berry, alpukat, jeruk, apel, oatmeal,  kacang-kacangan, bawang putih  dan yoghurt.
Kolesterol;Kolesterol adalah lemak yang diproduksi oleh tubuh, dan juga berasal dari makanan hewani. Kolesterol membantu tubuh memproduksi vitamin D, sejumlah hormon, dan asam empedu untuk mencerna lemak. Sedangkan Kolesterol tinggi adalah kondisi ketika seseorang memiliki terlalu banyak zat lemak dalam darah.;Menerapkan gaya hidup sehat baik karena membantu kamu mengurangi kadar kolesterol tinggi secara alami, serta meningkatkan kesehatan kamu secara keseluruhan. Jika kamu sudah minum obat, perubahan gaya hidup menjadi lebih sehat juga meningkatkan efek penurun kolesterol. dengan cara Perhatikan Makanan dan Minuman yang Dikonsumsi, Konsumsi Makanan yang Baik untuk Kesehatan Jantung, Berolahraga Secara Rutin dan Tingkatkan Aktivitas Fisik, Berhenti merokok meningkatkan kadar kolesterol baik dalam tubuh dan baik untuk kesehatan jantung, Jaga Berat Badan Ideal, Batasi Konsumsi Alkohol, ;Berikut ini beberapa jenis makanan sarat gizi yang dapat Anda konsumsi untuk menurunkan kadar kolesterol dalam darah sekaligus menjaga kesehatan tubuh Daging Unggas dan Ikan, Serat yang Berasal dari Sayur-sayuran, Buah-buahan dan Gandum Utuh, Rutin mengonsumsi kacang akan sanggup memenuhi kebutuhan lemak baik di tubuh, sekaligus menjaga kadar kolesterol tetap stabil, Minyak zaitun mengandung antioksidan yang dapat menurunkan tingkat kolesterol jahat,  Produk Susu Bebas atau Rendah Lemak Jenuh.
Kolesterol1;Kolesterol adalah lemak yang diproduksi oleh tubuh, dan juga berasal dari makanan hewani. Kolesterol membantu tubuh memproduksi vitamin D, sejumlah hormon, dan asam empedu untuk mencerna lemak. Sedangkan Kolesterol tinggi adalah kondisi ketika seseorang memiliki terlalu banyak zat lemak dalam darah.;Menerapkan gaya hidup sehat baik karena membantu kamu mengurangi kadar kolesterol tinggi secara alami, serta meningkatkan kesehatan kamu secara keseluruhan. Jika kamu sudah minum obat, perubahan gaya hidup menjadi lebih sehat juga meningkatkan efek penurun kolesterol. dengan cara Perhatikan Makanan dan Minuman yang Dikonsumsi, Konsumsi Makanan yang Baik untuk Kesehatan Jantung, Berolahraga Secara Rutin dan Tingkatkan Aktivitas Fisik, Berhenti merokok meningkatkan kadar kolesterol baik dalam tubuh dan baik untuk kesehatan jantung, Jaga Berat Badan Ideal, Batasi Konsumsi Alkohol, ;Berikut ini beberapa jenis makanan sarat gizi yang dapat Anda konsumsi untuk menurunkan kadar kolesterol dalam darah sekaligus menjaga kesehatan tubuh Daging Unggas dan Ikan, Serat yang Berasal dari Sayur-sayuran, Buah-buahan dan Gandum Utuh, Rutin mengonsumsi kacang akan sanggup memenuhi kebutuhan lemak baik di tubuh, sekaligus menjaga kadar kolesterol tetap stabil, Minyak zaitun mengandung antioksidan yang dapat menurunkan tingkat kolesterol jahat,  Produk Susu Bebas atau Rendah Lemak Jenuh.
stroke;"Stroke merupakan keadaan darurat medis.
Gejala stroke yaitu sulit berjalan, berbicara, dan memahami, serta kelumpuhan atau mati rasa pada wajah, lengan, atau tungkai.";Stroke menjadi salah satu penyakit yang dapat dicegah. Berikut ini gaya hidup sehat yang bisa kamu lakukan Mengonsumsi Makanan Sehat memperbanyak asupan buah dan sayuran, Mengontrol Berat Badan lakukan pengecekan berat badan secara rutin, Lakukan olahraga secara rutin dalam satu hari minimal lakukan olahraga selama 30 menit, Menghentikan Kebiasaan Merokok, Hindari Mengonsumsi Alkohol, usahakan tidak stres, selalu berpikir positif dan istirahat cukup seperti tidur 6-8 jam sehari, serta periksa kesehatan secara teratur. Sedangkan bagi mereka yang telah menderita penyakit stroke, lakuakan kualitas hidup yang lebih baik. kualitas hidup dapat ditingkatkan dengan tetap semangat, tidak depresi dan kontrol kesehatan secara teratur.;Memilih makanan untuk penderita stroke yang aman akan membantu pengidapnya mengontrol tekanan darah, berat badan hingga potensi serangan stroke berulang. Menjaga pola makan sehat bagi penderita stroke dapat menurunkan tiga faktor risiko penyebabnya, seperti kadar kolesterol, berat badan berlebih dan tekanan darah tinggi. Adapun saran makanan untuk penderita stroke antara lain buah-buahan dan sayuran, khususnya sayuran hijau, beberapa contoh sayuran yang bisa dikonsumsi adalah asparagus, kentang, wortel dan tomat untuk buahnya sendiri di antaranya apel, pisang, jeruk dan melon. Ikan dikategorikan dalam makanan untuk penderita stroke karena memiliki kandungan protein yang tinggi, sehingga dapat membantu tubuh mengendalikan tekanan darah serta menurunkan kolesterol untuk mengurangi risiko kambuhnya stroke. Makanan dari biji-bijian mengandung tinggi serat, magnesium, zat besi beserta vitamin B (asam folat dan thiamin) Kandungan-kandungan baik tersebut dapat menjaga kesehatan jantung sehingga mengurangi gejala stroke ringan muncul kembali. Olahan Susu Rendah Lemak. makanan yang mengandung kalium di antaranya seperti, kentang, bayam, ikan, kedelai, pisang, tomat, ubi jalar dan melon. 
stroke1;"Stroke merupakan keadaan darurat medis.
Gejala stroke yaitu sulit berjalan, berbicara, dan memahami, serta kelumpuhan atau mati rasa pada wajah, lengan, atau tungkai.";Stroke menjadi salah satu penyakit yang dapat dicegah. Berikut ini gaya hidup sehat yang bisa kamu lakukan Mengonsumsi Makanan Sehat memperbanyak asupan buah dan sayuran, Mengontrol Berat Badan lakukan pengecekan berat badan secara rutin, Lakukan olahraga secara rutin dalam satu hari minimal lakukan olahraga selama 30 menit, Menghentikan Kebiasaan Merokok, Hindari Mengonsumsi Alkohol, usahakan tidak stres, selalu berpikir positif dan istirahat cukup seperti tidur 6-8 jam sehari, serta periksa kesehatan secara teratur. Sedangkan bagi mereka yang telah menderita penyakit stroke, lakuakan kualitas hidup yang lebih baik. kualitas hidup dapat ditingkatkan dengan tetap semangat, tidak depresi dan kontrol kesehatan secara teratur.;Memilih makanan untuk penderita stroke yang aman akan membantu pengidapnya mengontrol tekanan darah, berat badan hingga potensi serangan stroke berulang. Menjaga pola makan sehat bagi penderita stroke dapat menurunkan tiga faktor risiko penyebabnya, seperti kadar kolesterol, berat badan berlebih dan tekanan darah tinggi. Adapun saran makanan untuk penderita stroke antara lain buah-buahan dan sayuran, khususnya sayuran hijau, beberapa contoh sayuran yang bisa dikonsumsi adalah asparagus, kentang, wortel dan tomat untuk buahnya sendiri di antaranya apel, pisang, jeruk dan melon. Ikan dikategorikan dalam makanan untuk penderita stroke karena memiliki kandungan protein yang tinggi, sehingga dapat membantu tubuh mengendalikan tekanan darah serta menurunkan kolesterol untuk mengurangi risiko kambuhnya stroke. Makanan dari biji-bijian mengandung tinggi serat, magnesium, zat besi beserta vitamin B (asam folat dan thiamin) Kandungan-kandungan baik tersebut dapat menjaga kesehatan jantung sehingga mengurangi gejala stroke ringan muncul kembali. Olahan Susu Rendah Lemak. makanan yang mengandung kalium di antaranya seperti, kentang, bayam, ikan, kedelai, pisang, tomat, ubi jalar dan melon. 
hipertensi;Hipertensi adalah pengertian medis dari suatu kondisi ketika tekanan darah terhadap dinding arteri terlalu tinggi. Biasanya hipertensi didefinisikan sebagai tekanan darah di atas 140/90, dan dianggap parah jika tekanan di atas 180/120. Kondisi ini dapat menyebabkan berbagai macam komplikasi kesehatan yang membahayakan nyawa jika dibiarkan. Bahkan, gangguan ini dapat menyebabkan peningkatan risiko terjadinya penyakit jantung, stroke, hingga kematian.;Darah tinggi atau yang lebih populer dengan sebutan hipertensi, tidak bisa disembuhkan. Namun, pengidap tekanan darah tinggi tetap dapat hidup sehat dan terbebas dari gejala, selama bisa mengontrol tekanan darah dengan baik. Berikut ini adalah beberapa cara sederhana tetapi ampuh untuk mengontrol tekanan darah Menerapkan Pola Makan Sehat Rendah Garam, Rutin Berolahraga, Menjaga Berat Badan Ideal, Mengelola Stres, Berhenti Merokok dan berhenti Minum Alkohol, Mengurangi Kafein, Rutin Cek Tekanan Darah.; Berikut ini berbagai jenis makanan yang bisa membantu kamu menurunkan darah tinggi atau hipertensi Mentimun di dalam mentimun banyak terkandung kalium, kaya vitamin C, dan antioksidan, seperti karotenoid dan tokoferol. Sayuran Hijau mulai dari bayam, lobak hijau, kubis, selada romaine, hingga bit hijau. Buah beri, terutama blueberry kaya akan senyawa alami yang disebut flavonoid yang dapat membantu untuk mencegah hipertensi dan menurunkan tekanan darah. Buah Bit, Buah ini mengandung nitric oxide, yang dapat membantu membuka pembuluh darah dan menurunkan tekanan darah. Susu Skim dan Yoghurt. Kemudian ada Wortel, wortel mengandung senyawa fenolik, seperti klorogenik dan asam caffeic yang dapat membantu untuk mengendurkan pembuluh darah dan mengurangi peradangan, dengan begitu kondisi tekanan darah tinggi dapat diatasi dan dicegah menjadi lebih buruk.
gagal jantung;Gagal jantung adalah kondisi ketika jantung melemah sehingga tidak mampu memompa darah yang cukup ke seluruh tubuh. Kondisi ini dapat terjadi pada siapa saja, tetapi lebih sering terjadi pada orang berusia di atas 65 tahun. Gagal jantung atau heart failure juga dikenal dengan gagal jantung kongestif. Terlepas dari namanya, kondisi ini bukan berarti jantung benar-benar berhenti berfungsi, melainkan jantung tidak bisa berfungsi dengan baik.;Apabila seseorang terlanjur mengalami gagal jantung, maka memperbaiki pola hidup dan faktor risiko adalah tindakan yang wajib pasien tempuh. Dari sisi pola makan, pasien disarankan mengurangi lemak total hingga kurang dari 30 persen dari total asupanasupan energi, konsumsi asam lemak jenuh tidak lebih dari sepertiga total lemak dan kolesterol kurang dari 300 miligram per hari. Selain itu, beraktivitas fisik dan perlahan meningkatkan frekuensinya, makan obat sesuai anjuran dan kontrol ke dokter jjuga menjadi keharusan pasien gagal jantung. Hal lain yang tak kalah penting adalah mengenali faktor risiko penderita gagal jantung dan memperbaikinya. Faktor risiko ini antara lain dipicu hipertensi, penumpukan lemak di pembuluh darah jantung sehingga suplai oksigen dan darah terganggu, penyakit otot jantung karena hipertensi, faktor genetika, gangguan irama jantung dan kebiasaan mengonsumsi alkohol.;Berikut ini beberapa pilihan makanan ramah jantung, diantaranya adalah  Ikan, khususnya ikan berlemak seperti salmon dan tuna merupakan makanan ramah jantung. Omega 3 di dalamnya termasuk jenis asam lemak tak jenuh yang mampu meredakan peradangan, termasuk pada pembuluh darah sekitar jantung , Oatmeal dan gandum murni masuk dalam daftar makanan yang sehat untuk pasien penyakit jantung. Oatmeal terbuat dari tanaman haver dan mengandung serat tinggi yang dapat menurunkan kadar kolesterol sehingga mampu mencegah pembentukan plak di pembuluh darah arteri , Makanan kaya protein penting untuk penderita penyakit jantung. Selain protein hewani dari ikan, Anda juga perlu memenuhi asupan protein nabati dari edamame, kacang tanah, produk olahan kedelai, seperti tahu, tempe, atau biji kacang kedelai , Kacang kenari atau nama asingnya, walnut, beserta almond memiliki kandungan lemak tak jenuh, serat, omega 3, vitamin E, sterol, dan asam amino L-arginin. Anda bisa mengonsumsinya sebagai camilan. Dan masih banyak lagi.
gagal ginjal;Gagal ginjal merupakan kondisi di mana satu atau kedua ginjal tidak dapat lagi berfungsi dengan baik. Terkadang, gagal ginjal bersifat sementara dan muncul dengan cepat. Namun di lain waktu, gagal ginjal juga dapat menjadi kondisi kronis yang akan memburuk secara perlahan dalam waktu yang lama. Oleh karena itu, gagal ginjal dapat dibedakan menjadi dua jenis utama, yakni gagal ginjal kronis dan akut. Perlu diingat bahwa ginjal merupakan sepasang organ yang terletak di daerah punggung bawah tubuh. Organ tersebut memiliki beberapa fungsi penting pada tubuh. Salah satunya seperti membuang racun atau limbah dari tubuh. Racun tersebut nantinya akan masuk ke kandung kemih dan dibuang ketika seseorang buang air kecil. Jika ginjal kehilangan kemampuannya untuk menyaring limbah atau racun dari darah, maka gagal ginjal akan terjadi.;Memiliki penyakit gagal ginjal, membuat seseorang lebih berisiko pada efek infeksi tertentu. Penting untuk mengontrol dan mengelola gagal ginjal agar memiliki kualitas hidup yang lebih baik. Berikut ini gaya hidup yang perlu dijalani pengidap gagal ginjal Pola Makanan Sehat, Pengidap gagal ginjal akan merasakan manfaat dari pola makan yang sehat. Penting untuk mengonsumsi makanan yang sehat dan seimbang. Dengan begitu tekanan darah, risiko penyakit jantung, dan kadar gula terkontrol dengan baik , Kontrol Asupan Cairan, Beberapa orang dengan gagal ginjal biasanya disarankan dokter untuk mengontrol jumlah cairan yang diminum. Jika kamu disarankan untuk mengurangi cairan yang diminum, penting juga untuk mengurangi jumlah garam dalam makanan , Olahraga, Olahraga membantu tubuh tetap sehat dan kuat. Kegiatan ini bisa meningkatkan kesejahteraan tubuh dan mengurangi gejala beberapa masalah kesehatan. Namun, mungkin akan sulit untuk mempertahankan rutinitas olahraga yang teratur jika seseorang memiliki kondisi ginjal jangka panjang, terutama jika seseorang menjalani perawatan seperti dialisis , Kelola Kolestrol, Kolesterol adalah jenis lemak penting yang ditemukan di dalam tubuh. Kolesterol terbawa dalam darah dan bisa menumpuk di dinding pembuluh darah, sehingga mengakibatkan pembuluh darah menyempit. Kecenderungan kolesterol tinggi bisa diturunkan jika pengidap gagal ginjal menjalani pola makan sehat dan seimbang. Orang dengan gagal ginjal dengan kadar protein yang sangat tinggi dalam urinnya mungkin juga memiliki kadar kolesterol yang tinggi dalam darahnya.;Meski tidak ada makanan khusus yang dapat memperbaiki fungsi ginjal secara langsung, setidaknya ada beberapa pilihan makanan yang baik untuk penderita penyakit ginjal, di antaranya Ikan, Ikan termasuk pilihan makanan yang baik untuk memperbaiki fungsi ginjal, terutama jenis ikan yang kaya asam lemak omega-3 serta rendah natrium, kalium, dan fosfor. Contohnya adalah ikan salmon, ikan tuna, ikan kembung, atau ikan sarden , Dada Ayam tanpa Kulit, Dada ayam tanpa kulit dikenal sebagai salah satu asupan protein yang baik. Meski termasuk nutrisi yang perlu dibatasi oleh beberapa penderita penyakit ginjal, asupan protein yang cukup tetap penting untuk menjaga kesehatan tubuh , Putih telur, Pilihan makanan yang baik untuk memperbaiki fungsi ginjal selanjutnya adalah putih telur. Makanan ini mengandung sumber protein berkualitas tinggi dan rendah kandungan fosfor, sehingga aman dikonsumsi bagi penderita ginjal , Minyak zaitun, Minyak zaitun merupakan sumber lemak sehat yang rendah kalium, natrium, dan bebas fosfor sehingga termasuk pilihan minyak yang tepat bagi penderita penyakit ginjal. Minyak ini juga cocok digunakan untuk memasak. Dan masih banyak lagi.
batu ginjal;Penyakit batu ginjal merupakan kondisi terbentuknya materi padat dan keras yang menyerupai batu pada ginjal. Batu tersebut berasal dari garam dan mineral di dalam ginjal. Masalah kesehatan ini bisa muncul di sepanjang saluran urine. Batu yang terlalu besar dapat mengganggu cadangan urin di ginjal, ureter, kandung kemih, atau uretra. Hal ini yang menimbulkan rasa sakit.;Gaya hidup sehat yang dapat diterapkan berkaitan dengan batu ginjal adalah dengan menjaga kebutuhan cairan tubuh tetap tercukupi, mengurangi asupan garam karena asupan garam yang berlebihan meningkatkan risiko batu ginjal kalsium, membatasi diri dari makanan yang kaya akan oksalat dan menjaga berat badan ideal;Untuk menurunkan resiko batu ginjal kamu dapat mengkonsumsi buah-buahan seperti apel, anggur, lemon, pisang, pepaya, buah sutrus dan plum, juga mengkonsumsi sayuran seperti lobak, brokoli atau pok choy dan memperbanyak minum air putih. Hindari mengkonsumsi terlalu banyak makanan tinggi garam, makanan tinggi protein hewani dan minuman bersoda.
batu ginjal1;Penyakit batu ginjal merupakan kondisi terbentuknya materi padat dan keras yang menyerupai batu pada ginjal. Batu tersebut berasal dari garam dan mineral di dalam ginjal. Masalah kesehatan ini bisa muncul di sepanjang saluran urine. Batu yang terlalu besar dapat mengganggu cadangan urin di ginjal, ureter, kandung kemih, atau uretra. Hal ini yang menimbulkan rasa sakit.;Gaya hidup sehat yang dapat diterapkan berkaitan dengan batu ginjal adalah dengan menjaga kebutuhan cairan tubuh tetap tercukupi, mengurangi asupan garam karena asupan garam yang berlebihan meningkatkan risiko batu ginjal kalsium, membatasi diri dari makanan yang kaya akan oksalat dan menjaga berat badan ideal;Untuk menurunkan resiko batu ginjal kamu dapat mengkonsumsi buah-buahan seperti apel, anggur, lemon, pisang, pepaya, buah sutrus dan plum, juga mengkonsumsi sayuran seperti lobak, brokoli atau pok choy dan memperbanyak minum air putih. Hindari mengkonsumsi terlalu banyak makanan tinggi garam, makanan tinggi protein hewani dan minuman bersoda.
arteri perifer;Penyakit arteri perifer disebabkan oleh penumpukan lemak di dinding pembuluh darah yang memasok darah ke tungkai. Timbunan lemak tersebut membuat arteri menyempit, sehingga aliran darah ke tungkai tersumbat;Cara paling efektif untuk mencegah penyakit arteri perifer adalah dengan mencegah terjadinya penumpukan lemak pada pembuluh darah. Upaya yang dapat dilakukan antara lain Berhenti merokok, Mengonsumsi makanan bergizi seimbang, Berolahraga rutin 3045 menit setiap hari, Menjaga berat badan ideal, Mengurangi konsumsi minuman beralkohol dan Mengikuti anjuran dokter untuk mengatasi diabetes, hipertensi, atau kolesterol tinggi;Makanan yang dapat membersihkan plak arteri antara lain sayur-sayuran seperti Asparagus, bayam dan Brokoli, buah-buahan misalnya Alpukat, ikan berlemak, kacang, minyak zaitun, semangka dan kunyit
arteri perifer1;Penyakit arteri perifer disebabkan oleh penumpukan lemak di dinding pembuluh darah yang memasok darah ke tungkai. Timbunan lemak tersebut membuat arteri menyempit, sehingga aliran darah ke tungkai tersumbat;Cara paling efektif untuk mencegah penyakit arteri perifer adalah dengan mencegah terjadinya penumpukan lemak pada pembuluh darah. Upaya yang dapat dilakukan antara lain Berhenti merokok, Mengonsumsi makanan bergizi seimbang, Berolahraga rutin 3045 menit setiap hari, Menjaga berat badan ideal, Mengurangi konsumsi minuman beralkohol dan Mengikuti anjuran dokter untuk mengatasi diabetes, hipertensi, atau kolesterol tinggi;Makanan yang dapat membersihkan plak arteri antara lain sayur-sayuran seperti Asparagus, bayam dan Brokoli, buah-buahan misalnya Alpukat, ikan berlemak, kacang, minyak zaitun, semangka dan kunyit
jantung koroner;Penyakit jantung koroner adalah kondisi di mana aliran darah menuju jantung terhambat. Hal ini disebabkan oleh adanya penyumbatan atau penyempitan pada pembuluh darah arteri.Penyumbatan dapat terjadi jika terdapat penumpukan kolesterol yang memicu penimbunan plak di dalam pembuluh arteri dalam jangka panjang. ;Untuk menjaga kondisi jantung tetap stabil, terdapat beberapa hal yang dapat dilakukan yaitu dengan menerapkan gaya hidup sehat untuk jantung dimana anda disarankan mengonsumsi makanan yang baik untuk pasien jantung koroner, rutin berolahraga, mengelolah stress dengan baik, serta berhenti merokok dan berhenti mengkonsumsi minuman keras. Anda juga sebaiknya berolahraga dengan intensitas ringan hingga sedang setidaknya 150 menit seminggu. Dengan berolahraga, Anda akan mengendalikan kadar kolesterol, gula darah, serta tekanan darah, yang merupakan faktor-faktor risiko penyakit jantung koroner.;Pilihlah menu makanan yang kaya akan sayur namun kurangi sayuran yang mengandung gas, seperti kol, lobak, nangka muda, dan sejenisnya, perbanyak buah,biji-bijian atau gandum utuh, serta kacang-kacangan. Hindari lemak jenuh dan trans, juga kurangi asupan gula dan garam, serta rajin mengkonsumsi the hijau. Ada baiknya Anda mengonsumsi 2 porsi ikan berlemak seminggu agar jantung tetap sehat. Untuk orang yang obesitas atau terlalu gemuk, jumlah makanan pokok sebagai sumber karbohidrat harus dikurangi. Pilih makanan yang mudah dicerna dan tidak merangsang.
alzheimer;Penyakit Alzheimer adalah penyakit otak yang menyebabkan penurunan daya ingat, menurunnya kemampuan berpikir dan berbicara, serta perubahan perilaku. Penyakit ini bisa memburuk seiring waktu sehingga membuat penderitanya tidak mampu lagi melakukan pekerjaan sehari-hari.;Kebersihan tubuh dan pola makan menjadi hal yang harus diperhatikan ketikan berbicara mengenai perawatan lansia Alzheimer. Karena cepat lupa, lansia mungkin saja jadi jarang untuk mandi, gosok gigi, makan dan sebagainya. Menjaga pola tidur karena penderita Alzheimer acap kali mengalami gangguan tidur, seperti insomnia. Kondisi ini tentu saja yang bisa berdampak buruk terhadap kesehatan tubuhnya. menjaga tubuh tetap aktif bermanfaat untuk membuatnya tetap sehat dan meringankan gejala yang ditimbulkan dari penyakit ini, ada banyak aktivitas yang bisa dilakukan bersama penderita, seperti Jogging, Berjalan santai, Membaca buku, Bermain musik, Memasak dan Bermain game asah otak.;Hindari mengkonsumsi pemanis buatan dan karbohidrat olahan. Sedangkan makanan yang dianjurkan untuk mencegah atau memperlambat perkembangan penyakit Alzheimer adalah Biji-bijian minimal tiga porsi setiap harinya, Sayuran Berdaun Hijau yang dapat mengurangi kerusakan sel otak pada penderita Alzheimer.  Daging Merah, Ikan, Unggas, Kacang-Kacangan karena Beberapa jenis kacang sangat membantu untuk mencegah Alzheimer sekaligus menyehatkan otak, mengkonsumsi Minyak Zaitun, Gandum utuh, Buah Beri dan Minuman Anggur.
alzheimer1;Penyakit Alzheimer adalah penyakit otak yang menyebabkan penurunan daya ingat, menurunnya kemampuan berpikir dan berbicara, serta perubahan perilaku. Penyakit ini bisa memburuk seiring waktu sehingga membuat penderitanya tidak mampu lagi melakukan pekerjaan sehari-hari.;Kebersihan tubuh dan pola makan menjadi hal yang harus diperhatikan ketikan berbicara mengenai perawatan lansia Alzheimer. Karena cepat lupa, lansia mungkin saja jadi jarang untuk mandi, gosok gigi, makan dan sebagainya. Menjaga pola tidur karena penderita Alzheimer acap kali mengalami gangguan tidur, seperti insomnia. Kondisi ini tentu saja yang bisa berdampak buruk terhadap kesehatan tubuhnya. menjaga tubuh tetap aktif bermanfaat untuk membuatnya tetap sehat dan meringankan gejala yang ditimbulkan dari penyakit ini, ada banyak aktivitas yang bisa dilakukan bersama penderita, seperti Jogging, Berjalan santai, Membaca buku, Bermain musik, Memasak dan Bermain game asah otak.;Hindari mengkonsumsi pemanis buatan dan karbohidrat olahan. Sedangkan makanan yang dianjurkan untuk mencegah atau memperlambat perkembangan penyakit Alzheimer adalah Biji-bijian minimal tiga porsi setiap harinya, Sayuran Berdaun Hijau yang dapat mengurangi kerusakan sel otak pada penderita Alzheimer.  Daging Merah, Ikan, Unggas, Kacang-Kacangan karena Beberapa jenis kacang sangat membantu untuk mencegah Alzheimer sekaligus menyehatkan otak, mengkonsumsi Minyak Zaitun, Gandum utuh, Buah Beri dan Minuman Anggur.
alzheimer2;Penyakit Alzheimer adalah penyakit otak yang menyebabkan penurunan daya ingat, menurunnya kemampuan berpikir dan berbicara, serta perubahan perilaku. Penyakit ini bisa memburuk seiring waktu sehingga membuat penderitanya tidak mampu lagi melakukan pekerjaan sehari-hari.;Kebersihan tubuh dan pola makan menjadi hal yang harus diperhatikan ketikan berbicara mengenai perawatan lansia Alzheimer. Karena cepat lupa, lansia mungkin saja jadi jarang untuk mandi, gosok gigi, makan dan sebagainya. Menjaga pola tidur karena penderita Alzheimer acap kali mengalami gangguan tidur, seperti insomnia. Kondisi ini tentu saja yang bisa berdampak buruk terhadap kesehatan tubuhnya. menjaga tubuh tetap aktif bermanfaat untuk membuatnya tetap sehat dan meringankan gejala yang ditimbulkan dari penyakit ini, ada banyak aktivitas yang bisa dilakukan bersama penderita, seperti Jogging, Berjalan santai, Membaca buku, Bermain musik, Memasak dan Bermain game asah otak.;Hindari mengkonsumsi pemanis buatan dan karbohidrat olahan. Sedangkan makanan yang dianjurkan untuk mencegah atau memperlambat perkembangan penyakit Alzheimer adalah Biji-bijian minimal tiga porsi setiap harinya, Sayuran Berdaun Hijau yang dapat mengurangi kerusakan sel otak pada penderita Alzheimer.  Daging Merah, Ikan, Unggas, Kacang-Kacangan karena Beberapa jenis kacang sangat membantu untuk mencegah Alzheimer sekaligus menyehatkan otak, mengkonsumsi Minyak Zaitun, Gandum utuh, Buah Beri dan Minuman Anggur.
alzheimer3;Penyakit Alzheimer adalah penyakit otak yang menyebabkan penurunan daya ingat, menurunnya kemampuan berpikir dan berbicara, serta perubahan perilaku. Penyakit ini bisa memburuk seiring waktu sehingga membuat penderitanya tidak mampu lagi melakukan pekerjaan sehari-hari.;Kebersihan tubuh dan pola makan menjadi hal yang harus diperhatikan ketikan berbicara mengenai perawatan lansia Alzheimer. Karena cepat lupa, lansia mungkin saja jadi jarang untuk mandi, gosok gigi, makan dan sebagainya. Menjaga pola tidur karena penderita Alzheimer acap kali mengalami gangguan tidur, seperti insomnia. Kondisi ini tentu saja yang bisa berdampak buruk terhadap kesehatan tubuhnya. menjaga tubuh tetap aktif bermanfaat untuk membuatnya tetap sehat dan meringankan gejala yang ditimbulkan dari penyakit ini, ada banyak aktivitas yang bisa dilakukan bersama penderita, seperti Jogging, Berjalan santai, Membaca buku, Bermain musik, Memasak dan Bermain game asah otak.;Hindari mengkonsumsi pemanis buatan dan karbohidrat olahan. Sedangkan makanan yang dianjurkan untuk mencegah atau memperlambat perkembangan penyakit Alzheimer adalah Biji-bijian minimal tiga porsi setiap harinya, Sayuran Berdaun Hijau yang dapat mengurangi kerusakan sel otak pada penderita Alzheimer.  Daging Merah, Ikan, Unggas, Kacang-Kacangan karena Beberapa jenis kacang sangat membantu untuk mencegah Alzheimer sekaligus menyehatkan otak, mengkonsumsi Minyak Zaitun, Gandum utuh, Buah Beri dan Minuman Anggur.
Nefropati diabetik;Nefropati Diabetik adalah komplikasi diabetes melitus pada ginjal yang dapat berakhir sebagai gagal ginjal. Penyakit ginjal (nefropati) merupakan penyebab utama kematian dan kecacatan pada diabetes melitus;Tindakan pencegahan dilakukan dengan cara menjaga gula darah dan tekanan darah tinggi dalam kadar terkontrol dengan baik, mempertahankan berat badan yang sehat, tidak merokok, dan minum alkohol. Aktivitas fisik juga disarankan untuk dilakukan rutin sekitar 3-4 kali per minggu. Sementara itu, pengidap diwajibkan rutin melakukan pemeriksaan untuk mendeteksi dini adanya gangguan ginjal. Menjaga berat badan tetap ideal, menurunkan berat badan bila diperlukan, mengontrol kadar gula dalam darah dan beristirahat dengan cukup.;Pola makan juga harus dijaga sesuai diet diabetes, yakni rendah karbo, frekuensi tiap 3 jam, dan tinggi serat.Selain itu, dokter juga akan menganjurkan pasien menjalani pola makan yang lebih ketat, seperti membatasi asupan protein, mengurangi asupan sodium atau garam kurang dari 15002000 mg/dL, membatasi konsumsi makanan tinggi kalium seperti pisang, bayam, dan alpukat, membatasi konsumsi makanan tinggi fosfor seperti yoghurt, susu, dan daging olahan
Nefropati diabetik1;Nefropati Diabetik adalah komplikasi diabetes melitus pada ginjal yang dapat berakhir sebagai gagal ginjal. Penyakit ginjal (nefropati) merupakan penyebab utama kematian dan kecacatan pada diabetes melitus;Tindakan pencegahan dilakukan dengan cara menjaga gula darah dan tekanan darah tinggi dalam kadar terkontrol dengan baik, mempertahankan berat badan yang sehat, tidak merokok, dan minum alkohol. Aktivitas fisik juga disarankan untuk dilakukan rutin sekitar 3-4 kali per minggu. Sementara itu, pengidap diwajibkan rutin melakukan pemeriksaan untuk mendeteksi dini adanya gangguan ginjal. Menjaga berat badan tetap ideal, menurunkan berat badan bila diperlukan, mengontrol kadar gula dalam darah dan beristirahat dengan cukup.;Pola makan juga harus dijaga sesuai diet diabetes, yakni rendah karbo, frekuensi tiap 3 jam, dan tinggi serat.Selain itu, dokter juga akan menganjurkan pasien menjalani pola makan yang lebih ketat, seperti membatasi asupan protein, mengurangi asupan sodium atau garam kurang dari 15002000 mg/dL, membatasi konsumsi makanan tinggi kalium seperti pisang, bayam, dan alpukat, membatasi konsumsi makanan tinggi fosfor seperti yoghurt, susu, dan daging olahan
Nefropati diabetik2;Nefropati Diabetik adalah komplikasi diabetes melitus pada ginjal yang dapat berakhir sebagai gagal ginjal. Penyakit ginjal (nefropati) merupakan penyebab utama kematian dan kecacatan pada diabetes melitus;Tindakan pencegahan dilakukan dengan cara menjaga gula darah dan tekanan darah tinggi dalam kadar terkontrol dengan baik, mempertahankan berat badan yang sehat, tidak merokok, dan minum alkohol. Aktivitas fisik juga disarankan untuk dilakukan rutin sekitar 3-4 kali per minggu. Sementara itu, pengidap diwajibkan rutin melakukan pemeriksaan untuk mendeteksi dini adanya gangguan ginjal. Menjaga berat badan tetap ideal, menurunkan berat badan bila diperlukan, mengontrol kadar gula dalam darah dan beristirahat dengan cukup.;Pola makan juga harus dijaga sesuai diet diabetes, yakni rendah karbo, frekuensi tiap 3 jam, dan tinggi serat.Selain itu, dokter juga akan menganjurkan pasien menjalani pola makan yang lebih ketat, seperti membatasi asupan protein, mengurangi asupan sodium atau garam kurang dari 15002000 mg/dL, membatasi konsumsi makanan tinggi kalium seperti pisang, bayam, dan alpukat, membatasi konsumsi makanan tinggi fosfor seperti yoghurt, susu, dan daging olahan
Nefropati diabetik3;Nefropati Diabetik adalah komplikasi diabetes melitus pada ginjal yang dapat berakhir sebagai gagal ginjal. Penyakit ginjal (nefropati) merupakan penyebab utama kematian dan kecacatan pada diabetes melitus;Tindakan pencegahan dilakukan dengan cara menjaga gula darah dan tekanan darah tinggi dalam kadar terkontrol dengan baik, mempertahankan berat badan yang sehat, tidak merokok, dan minum alkohol. Aktivitas fisik juga disarankan untuk dilakukan rutin sekitar 3-4 kali per minggu. Sementara itu, pengidap diwajibkan rutin melakukan pemeriksaan untuk mendeteksi dini adanya gangguan ginjal. Menjaga berat badan tetap ideal, menurunkan berat badan bila diperlukan, mengontrol kadar gula dalam darah dan beristirahat dengan cukup.;Pola makan juga harus dijaga sesuai diet diabetes, yakni rendah karbo, frekuensi tiap 3 jam, dan tinggi serat.Selain itu, dokter juga akan menganjurkan pasien menjalani pola makan yang lebih ketat, seperti membatasi asupan protein, mengurangi asupan sodium atau garam kurang dari 15002000 mg/dL, membatasi konsumsi makanan tinggi kalium seperti pisang, bayam, dan alpukat, membatasi konsumsi makanan tinggi fosfor seperti yoghurt, susu, dan daging olahan
Aterosklerosis;Aterosklerosis adalah masalah kesehatan yang terjadi ketika terdapat tumpukan kolesterol dan zat lain di dalam dinding pembuluh darah arteri. Tumpukan ini bisa mengeras dan mengganggu aliran darah ke jantung lantaran pembuluh darah tersumbat atau menyempit.;Aterosklerosis erat kaitannya dengan gaya hidup tidak sehat. Karena itu, untuk mencegah masalah lebih lanjut yang bisa dipicu kondisi ini, cara yang utama adalah menjalani gaya hidup sehat dengantidak merokok/berhenti merokok, Berolahraga minimal 30 menit sehari selama 6 hari dalam sepekan, menjaga berat badan normal, mengatasi stres, bila perlu konsultasi dengan dokter, menjaga kadar kolesterol, tekanan darah, dan gula darah. Jika memiliki faktor risiko, Anda harus rutin menjalani pemeriksaan kesehatan sehingga dokter bisa mengambil langkah penanganan secepatnya ketika mendeteksi aterosklerosis. Anda harus mewaspadai gejala yang kian memburuk dari hari ke hari. Penanganan dini bisa mencegah komplikasi, termasuk serangan jantung yang dapat mengancam jiwa.;Mengikuti pola makan yang kaya akan makanan tertentu seperti sayuran, buah-buahan, dan ikan telah terbukti mengurangi risiko aterosklerosis dan penyakit jantung. Makanan yang baik dikonsumsi untuk menjaga kesehatan arteri koroner antara lain Buah beri misalnya stroberi, ikan yang akan omega-3, biji-bijian atau kacang-kacangan, sayur-sayuran misalnya tomat, brokoli, kubis, kembang kol lalu bawang merah, buah-buahan jeruk dan minyak zaitun
Aterosklerosis1;Aterosklerosis adalah masalah kesehatan yang terjadi ketika terdapat tumpukan kolesterol dan zat lain di dalam dinding pembuluh darah arteri. Tumpukan ini bisa mengeras dan mengganggu aliran darah ke jantung lantaran pembuluh darah tersumbat atau menyempit.;Aterosklerosis erat kaitannya dengan gaya hidup tidak sehat. Karena itu, untuk mencegah masalah lebih lanjut yang bisa dipicu kondisi ini, cara yang utama adalah menjalani gaya hidup sehat dengantidak merokok/berhenti merokok, Berolahraga minimal 30 menit sehari selama 6 hari dalam sepekan, menjaga berat badan normal, mengatasi stres, bila perlu konsultasi dengan dokter, menjaga kadar kolesterol, tekanan darah, dan gula darah. Jika memiliki faktor risiko, Anda harus rutin menjalani pemeriksaan kesehatan sehingga dokter bisa mengambil langkah penanganan secepatnya ketika mendeteksi aterosklerosis. Anda harus mewaspadai gejala yang kian memburuk dari hari ke hari. Penanganan dini bisa mencegah komplikasi, termasuk serangan jantung yang dapat mengancam jiwa.;Mengikuti pola makan yang kaya akan makanan tertentu seperti sayuran, buah-buahan, dan ikan telah terbukti mengurangi risiko aterosklerosis dan penyakit jantung. Makanan yang baik dikonsumsi untuk menjaga kesehatan arteri koroner antara lain Buah beri misalnya stroberi, ikan yang akan omega-3, biji-bijian atau kacang-kacangan, sayur-sayuran misalnya tomat, brokoli, kubis, kembang kol lalu bawang merah, buah-buahan jeruk dan minyak zaitun
Glaukoma;glaukoma adalah kondisi medis berupa gangguan penglihatan yang disebabkan oleh kerusakan saraf mata. Biasanya, kerusakan saraf mata tersebut terjadi karena adanya tekanan tinggi pada bola mata. Namun, ada beberapa kasus glaukoma yang terjadi walau tekanan pada bola matanya masih dalam batas normal sekalipun. Jika terjadi cukup parah, glaukoma adalah kondisi yang bahkan bisa mengakibatkan kebutaan.;Pencegahan gluakoma dapat dilakukan dengan Memosisikan bantal sedikit lebih tinggi saat tidur dan berolahraga secara rutin, lalu Hubungi dokter jika mengalami gejala tekanan pada bola mata. Jika kamu atau anggota keluarga memiliki tanda dan gejala glaukoma di atas, segeralah berbicara dengan dokter guna mendapatkan penanganan yang tepat. Gunakan obat tetes mata yang diresepkan dokter secara teratur. Obat tetes mata glaukoma dapat secara signifikan mengurangi risiko tekanan mata tinggi berkembang menjadi glaukoma. Cedera mata yang serius dapat menyebabkan glaukoma. Jadi, gunakanlah pelindung mata saat berolahraga atau saat bekerja dengan menggunakan alat-alat listrik.;Glaukoma pada mata dapat berakibat fatal jika tak segera ditangani. Selain penanganan medis, penanganan dari sisi nutrisi juga penting. Agar penyembuhan cepat selesai dan fungsi mata dapat kembali normal. Mengonsumsi makanan sumber antioksidan seperti Biji-bijian, kacang-kacangan, buah-buahan, dan sayuran segar. Mengonsumsi makanan kaya akan vitamin A dan vitamin C misalnya the hijau, menghindari konsumsi kopi, alkohol, makanan yang mengandung alergen bagi orang yang memiliki alergi, menghindari makanan tinggi lemak jenuh atau lemak trans.  
Glaukoma1;glaukoma adalah kondisi medis berupa gangguan penglihatan yang disebabkan oleh kerusakan saraf mata. Biasanya, kerusakan saraf mata tersebut terjadi karena adanya tekanan tinggi pada bola mata. Namun, ada beberapa kasus glaukoma yang terjadi walau tekanan pada bola matanya masih dalam batas normal sekalipun. Jika terjadi cukup parah, glaukoma adalah kondisi yang bahkan bisa mengakibatkan kebutaan.;Pencegahan gluakoma dapat dilakukan dengan Memosisikan bantal sedikit lebih tinggi saat tidur dan berolahraga secara rutin, lalu Hubungi dokter jika mengalami gejala tekanan pada bola mata. Jika kamu atau anggota keluarga memiliki tanda dan gejala glaukoma di atas, segeralah berbicara dengan dokter guna mendapatkan penanganan yang tepat. Gunakan obat tetes mata yang diresepkan dokter secara teratur. Obat tetes mata glaukoma dapat secara signifikan mengurangi risiko tekanan mata tinggi berkembang menjadi glaukoma. Cedera mata yang serius dapat menyebabkan glaukoma. Jadi, gunakanlah pelindung mata saat berolahraga atau saat bekerja dengan menggunakan alat-alat listrik.;Glaukoma pada mata dapat berakibat fatal jika tak segera ditangani. Selain penanganan medis, penanganan dari sisi nutrisi juga penting. Agar penyembuhan cepat selesai dan fungsi mata dapat kembali normal. Mengonsumsi makanan sumber antioksidan seperti Biji-bijian, kacang-kacangan, buah-buahan, dan sayuran segar. Mengonsumsi makanan kaya akan vitamin A dan vitamin C misalnya the hijau, menghindari konsumsi kopi, alkohol, makanan yang mengandung alergen bagi orang yang memiliki alergi, menghindari makanan tinggi lemak jenuh atau lemak trans.  
Glaukoma2;glaukoma adalah kondisi medis berupa gangguan penglihatan yang disebabkan oleh kerusakan saraf mata. Biasanya, kerusakan saraf mata tersebut terjadi karena adanya tekanan tinggi pada bola mata. Namun, ada beberapa kasus glaukoma yang terjadi walau tekanan pada bola matanya masih dalam batas normal sekalipun. Jika terjadi cukup parah, glaukoma adalah kondisi yang bahkan bisa mengakibatkan kebutaan.;Pencegahan gluakoma dapat dilakukan dengan Memosisikan bantal sedikit lebih tinggi saat tidur dan berolahraga secara rutin, lalu Hubungi dokter jika mengalami gejala tekanan pada bola mata. Jika kamu atau anggota keluarga memiliki tanda dan gejala glaukoma di atas, segeralah berbicara dengan dokter guna mendapatkan penanganan yang tepat. Gunakan obat tetes mata yang diresepkan dokter secara teratur. Obat tetes mata glaukoma dapat secara signifikan mengurangi risiko tekanan mata tinggi berkembang menjadi glaukoma. Cedera mata yang serius dapat menyebabkan glaukoma. Jadi, gunakanlah pelindung mata saat berolahraga atau saat bekerja dengan menggunakan alat-alat listrik.;Glaukoma pada mata dapat berakibat fatal jika tak segera ditangani. Selain penanganan medis, penanganan dari sisi nutrisi juga penting. Agar penyembuhan cepat selesai dan fungsi mata dapat kembali normal. Mengonsumsi makanan sumber antioksidan seperti Biji-bijian, kacang-kacangan, buah-buahan, dan sayuran segar. Mengonsumsi makanan kaya akan vitamin A dan vitamin C misalnya the hijau, menghindari konsumsi kopi, alkohol, makanan yang mengandung alergen bagi orang yang memiliki alergi, menghindari makanan tinggi lemak jenuh atau lemak trans.  
Glaukoma3;glaukoma adalah kondisi medis berupa gangguan penglihatan yang disebabkan oleh kerusakan saraf mata. Biasanya, kerusakan saraf mata tersebut terjadi karena adanya tekanan tinggi pada bola mata. Namun, ada beberapa kasus glaukoma yang terjadi walau tekanan pada bola matanya masih dalam batas normal sekalipun. Jika terjadi cukup parah, glaukoma adalah kondisi yang bahkan bisa mengakibatkan kebutaan.;Pencegahan gluakoma dapat dilakukan dengan Memosisikan bantal sedikit lebih tinggi saat tidur dan berolahraga secara rutin, lalu Hubungi dokter jika mengalami gejala tekanan pada bola mata. Jika kamu atau anggota keluarga memiliki tanda dan gejala glaukoma di atas, segeralah berbicara dengan dokter guna mendapatkan penanganan yang tepat. Gunakan obat tetes mata yang diresepkan dokter secara teratur. Obat tetes mata glaukoma dapat secara signifikan mengurangi risiko tekanan mata tinggi berkembang menjadi glaukoma. Cedera mata yang serius dapat menyebabkan glaukoma. Jadi, gunakanlah pelindung mata saat berolahraga atau saat bekerja dengan menggunakan alat-alat listrik.;Glaukoma pada mata dapat berakibat fatal jika tak segera ditangani. Selain penanganan medis, penanganan dari sisi nutrisi juga penting. Agar penyembuhan cepat selesai dan fungsi mata dapat kembali normal. Mengonsumsi makanan sumber antioksidan seperti Biji-bijian, kacang-kacangan, buah-buahan, dan sayuran segar. Mengonsumsi makanan kaya akan vitamin A dan vitamin C misalnya the hijau, menghindari konsumsi kopi, alkohol, makanan yang mengandung alergen bagi orang yang memiliki alergi, menghindari makanan tinggi lemak jenuh atau lemak trans.  
Hiperglikemia;Hiperglikemia adalah kondisi ketika kadar gula didalam darah melebihi batas normal. Pada dasarnya dapat terjadi akibat asupan gula terlalu banyak, tubuh memproduksi gula darah berlebih, atau terdapat gangguan pada proses pengubahan gula darah menjadi energi.;Hiperglikemia atau gula darah tinggi bisa diatasi dengan mengubah gaya hidup menjadi lebih sehat, seperti Melakukan aktivitas fisik dan rutin berolahraga Meningkatkan asupan makanan berserat tinggi, seperti sayur-sayuran Mengurangi konsumsi makanan yang tinggi akan karbohidrat sederhana, seperti nasi putih dan roti Mengelola stres dengan melakukan meditasi, seperti yoga Memperbanyak minum air putih agar terhindar dari dehidrasi Beristirahat yang cukup dan berkualitas Menyesuaikan dosis pengobatan insulin, jika sedang menjalani pengobatan tersebut Memantau kadar gula darah secara rutin ke dokter;Di bawah ini adalah beberapa makanan terbaik untuk orang yang ingin menjaga kadar gula darah tetap terkontrol Roti Gandum karena roti ini memiliki indeks glikemik dan karbohidrat lebih rendah dibandingkan roti lainnya. Buah-Buahan, sebagian besar buah-buahan indeks glikemik rendah yaitu kurang dari 55 yang dapat dapat menyeimbangkan gula alami (fruktosa). Ubi jalar karena memiliki indeks glikemik yang rendah. Oatmeal karena mengandung B-glukan yang membantu menjaga kontrol glikemik. Kacang-Kacangan karena mengandung protein nabati tingkat tinggi, asam lemak tak jenuh, vitamin, flavonoid, magnesium, dan kalium. Bawang Putih karena Senyawa dalam bawang putih dapat membantu mengurangi gula darah dengan meningkatkan sensitivitas dan sekresi insulin. Yoghurt karena termasuk makanan rendah glikemik.
Hiperglikemia1;Hiperglikemia adalah kondisi ketika kadar gula didalam darah melebihi batas normal. Pada dasarnya dapat terjadi akibat asupan gula terlalu banyak, tubuh memproduksi gula darah berlebih, atau terdapat gangguan pada proses pengubahan gula darah menjadi energi.;Hiperglikemia atau gula darah tinggi bisa diatasi dengan mengubah gaya hidup menjadi lebih sehat, seperti Melakukan aktivitas fisik dan rutin berolahraga Meningkatkan asupan makanan berserat tinggi, seperti sayur-sayuran Mengurangi konsumsi makanan yang tinggi akan karbohidrat sederhana, seperti nasi putih dan roti Mengelola stres dengan melakukan meditasi, seperti yoga Memperbanyak minum air putih agar terhindar dari dehidrasi Beristirahat yang cukup dan berkualitas Menyesuaikan dosis pengobatan insulin, jika sedang menjalani pengobatan tersebut Memantau kadar gula darah secara rutin ke dokter;Di bawah ini adalah beberapa makanan terbaik untuk orang yang ingin menjaga kadar gula darah tetap terkontrol Roti Gandum karena roti ini memiliki indeks glikemik dan karbohidrat lebih rendah dibandingkan roti lainnya. Buah-Buahan, sebagian besar buah-buahan indeks glikemik rendah yaitu kurang dari 55 yang dapat dapat menyeimbangkan gula alami (fruktosa). Ubi jalar karena memiliki indeks glikemik yang rendah. Oatmeal karena mengandung B-glukan yang membantu menjaga kontrol glikemik. Kacang-Kacangan karena mengandung protein nabati tingkat tinggi, asam lemak tak jenuh, vitamin, flavonoid, magnesium, dan kalium. Bawang Putih karena Senyawa dalam bawang putih dapat membantu mengurangi gula darah dengan meningkatkan sensitivitas dan sekresi insulin. Yoghurt karena termasuk makanan rendah glikemik.
hipoglikemia;Hipoglikemia adalah kondisi ketika kadar gula dalam darah berada di bawah normal. Hipoglikemia terjadi bila kadar gula darah di bawah 70 mg/dL. Namun, tergantung pada kondisi pasien, gejala hipoglikemia bisa muncul pada kadar gula darah yang berbeda-beda. Hipoglikemia yang terlambat ditangani bisa mengakibatkan penurunan kesadaran, kejang, hingga kerusakan permanen pada otak.;Minyak Ikan dan Asam Lemak Omega-3 mengonsumsi ikan berlemak yang kaya omega-3 atau suplemen omega-3 baik untuk dikonsumsi pengidap Parkinson. Jenis ikan dan makanan laut yang mengandung asam lemak omega-3 tinggi, antara lain ˇ Ikan kembung. ˇ Ikan salmon.;Kalau mengalami kondisi gejala menyerupai hipoglikemia, berikut jenis makanan yang dianjurkan untuk dikonsumsi Buah dan Keju, mengonsumsi buah ternyata bisa membantu memperlambat penyerapan glukosa ke dalam aliran darah, karena memiliki banyak kandungan serat, sedangkan keju bisa membantu menjaga kadar gula darah tetap stabil. Roti Gandum Utuh, makanan ini memiliki indeks glikemik yang rendah. Kacang-Kacangan karena mengandung zat yang dapat memperlambat penyerapan glukosa. Yogurt, karena makanan ini juga mengandung lemak dan serat yang berguna untuk memperlambat metabolisme glukosa.
hipoglikemia1;Hipoglikemia adalah kondisi ketika kadar gula dalam darah berada di bawah normal. Hipoglikemia terjadi bila kadar gula darah di bawah 70 mg/dL. Namun, tergantung pada kondisi pasien, gejala hipoglikemia bisa muncul pada kadar gula darah yang berbeda-beda. Hipoglikemia yang terlambat ditangani bisa mengakibatkan penurunan kesadaran, kejang, hingga kerusakan permanen pada otak.;Minyak Ikan dan Asam Lemak Omega-3 mengonsumsi ikan berlemak yang kaya omega-3 atau suplemen omega-3 baik untuk dikonsumsi pengidap Parkinson. Jenis ikan dan makanan laut yang mengandung asam lemak omega-3 tinggi, antara lain ˇ Ikan kembung. ˇ Ikan salmon.;Kalau mengalami kondisi gejala menyerupai hipoglikemia, berikut jenis makanan yang dianjurkan untuk dikonsumsi Buah dan Keju, mengonsumsi buah ternyata bisa membantu memperlambat penyerapan glukosa ke dalam aliran darah, karena memiliki banyak kandungan serat, sedangkan keju bisa membantu menjaga kadar gula darah tetap stabil. Roti Gandum Utuh, makanan ini memiliki indeks glikemik yang rendah. Kacang-Kacangan karena mengandung zat yang dapat memperlambat penyerapan glukosa. Yogurt, karena makanan ini juga mengandung lemak dan serat yang berguna untuk memperlambat metabolisme glukosa.
obesitas;Obesitas adalah kondisi ketika lemak yang menumpuk di dalam tubuh sangat banyak akibat kalori masuk lebih banyak dibandingkan yang dibakar. Jika tidak segera ditangani, obesitas dapat meningkatkan risiko terjadinya penyakit jantung, hipertensi, hingga diabetes. Obesitas dapat disebabkan oleh konsumsi makanan cepat saji atau minuman yang mengandung gula tambahan dalam jangka panjang. Obesitas juga bisa disebabkan oleh konsumsi makanan secara berlebihan yang tidak diimbangi dengan olahraga secara rutin.;Gaya hidup sehat yang dapat diterapkan bagi yang terkena obesitas adalah merubah pola makan yang mencakup  pelaksanaan diet konvensional dan rajin melakukan aktivitas fisik secara teratur. Untuk pasien obesitas, aktivitas fisik yang paling sesuai adalah aktivitas fisik aerobik. Lakukan sebanyak 5-7 kali per minggu, dengan durasi 30-60 menit setiap harinya. Aktivitas fisik aerobik dapat berupa jalan cepat, berlari, bersepeda, serta olahraga kompetitif (sepak bola, bola basket, tenis, bulu tangkis, dan sebagainya). Selain itu, perubahan perilaku. Perubahan perilaku merupakan salah satu hal yang penting untuk diterapkan. Tidak hanya mencakup pengaturan jadwal makan, tetapi juga pencegahan kebiasaan buruk terkait makan seperti ngemil, makan sebelum tidur, dan sebagainya.;Hal yang dapat dilakukan bagi yang terkena obesitas dengan cara mengurangi konsumsi bahan makanan sumber karbohidrat kompleks seperti nasi, roti, jagung, kentang dan sereal. Selain itu, Menghindari konsumsi bahan makanan sumber karbohidrat sederhana seperti gula pasir, gula merah, sirup, kue yang manis dan gurih, madu, selai, dodol, coklat, permen, minuman ringan, dll. Dan juga mengurangi konsumsi bahan makanan sumber lemak dengan tidak mengolah makanan dengan cara digoreng dan menggunakan santan kental serta mentega dan margarin, dan mengutamakan konsumsi bahan makanan sumber protein rendah lemak, seperti ikan, putih telur, ayam tanpa kulit, susu dan keju rendah lemak, tempe tahu, dan kacang-kacangan yang diolah.
serangan jantung;Serangan jantung adalah kondisi medis darurat ketika darah yang menuju ke jantung terhambat. Gangguan aliran darah ke jantung bisa merusak atau bahkan menghancurkan otot jantung dan bahkan bisa berakibat fatal. Serangan jantung terjadi ketika satu atau lebih arteri koroner tersumbat. Hal ini menyebabkan pasokan darah menuju jantung terganggu. Padahal, jantung membutuhkan pasokan darah konstan yang mengandung oksigen. Apabila jantung tidak mendapatkan pasokan darah yang cukup, maka otot-otot jantung akan rusak.;Seseorang yang terkena serangan jantung biasanya disarankan mengikuti program rehabilitasi jantung yang dirancang untuk menjaga kesehatan jantung. Dalam rehabilitasi tersebut, kita akan mempelajari berbagai kebiasaan dan pola hidup yang lebih menyehatkan jantung seperti berolahraga teratur, mengonsumsi makanan yang menyehatkan jantung, menurunkan tekanan darah, menjaga berat badan yang sehat, berfokus pada Kesehatan mental, istirahat yang cukup, mengelola stress dengan baik dan berhenti merokok.;Seseorang yang terkena serangan jantung harus menghindari makanan tinggi lemak dan kolesterol, daging olahan, makanan cepat saji, makanan dan minuman manis. Adapun makanan yang dianjurkan untuk menyehatkan jantung adalah sayuran hijau seperti brokoli, bayam, kangkong, pakcoy dan asparagus. Selanjutnya adalah kentang yang berperan dalam menurunkan tekanan darah.  Namun yang perlu diingat bahwa untuk mengonsumsi kentang adalah dengan cara mengukus atau merebusnya. Makanan  lainnya yang dapat dikonsumsi untuk menyehatkan jantung adalah ikan salmon dan oatmeal  yang mampu menurunkan kadar kolesterol dan tomat yang mampu menurunkan risiko penyakit serangan jantung.
Edema Makula Diabetik;Edema makula diabetik adalah penebalan pada retina akibat menumpuknya cairan di dalam mata. Penyakit bernama lain diabetic macular edema/DME ini merupakan bagian dari komplikasi diabetes retinopati diabetik. DME terjadi bila cairan berlebih menumpuk di dalam makula.;Berikut beberapa tips yang bisa Anda lakukan untuk mengurangi risiko edema makula diabetik  Melakukan pemeriksaan kadar gula darah secara berkala, Menjalani pola makan sehat dan berolahraga secara rutin, Mengonsumsi obat diabetes sesuai anjuran dokter, Menjaga kadar kolesterol dan tekanan darah dalam rentang yang normal, Memeriksakan mata ke dokter secara rutin, Tidak mengabaikan gejala apa pun yang timbul pada mata Anda.;Untuk mengendalikan diabetes, penting untuk mengikuti diet sehat dan mengonsumsi karbohidrat, serat, ikan kaya omega-3 dan lemak baik. Karbohidrat kompleks perlahan-lahan diserap ke dalam tubuh, menghindari lonjakan kadar gula darah. Fokus pada biji-bijian utuh, sayuran dan buah-buahan yang akan meminimalkan risiko diabetes mellitus. Serat membantu mencerna makanan dan membantu mengendalikan kadar gula darah. Konsumsilah makanan yang memiliki kandungan serat tinggi, seperti buah-buahan, kacang-kacangan, sayuran dan gandum, serta hindari minuman manis.
Edema Makula Diabetik1;Edema makula diabetik adalah penebalan pada retina akibat menumpuknya cairan di dalam mata. Penyakit bernama lain diabetic macular edema/DME ini merupakan bagian dari komplikasi diabetes retinopati diabetik. DME terjadi bila cairan berlebih menumpuk di dalam makula.;Berikut beberapa tips yang bisa Anda lakukan untuk mengurangi risiko edema makula diabetik  Melakukan pemeriksaan kadar gula darah secara berkala, Menjalani pola makan sehat dan berolahraga secara rutin, Mengonsumsi obat diabetes sesuai anjuran dokter, Menjaga kadar kolesterol dan tekanan darah dalam rentang yang normal, Memeriksakan mata ke dokter secara rutin, Tidak mengabaikan gejala apa pun yang timbul pada mata Anda.;Untuk mengendalikan diabetes, penting untuk mengikuti diet sehat dan mengonsumsi karbohidrat, serat, ikan kaya omega-3 dan lemak baik. Karbohidrat kompleks perlahan-lahan diserap ke dalam tubuh, menghindari lonjakan kadar gula darah. Fokus pada biji-bijian utuh, sayuran dan buah-buahan yang akan meminimalkan risiko diabetes mellitus. Serat membantu mencerna makanan dan membantu mengendalikan kadar gula darah. Konsumsilah makanan yang memiliki kandungan serat tinggi, seperti buah-buahan, kacang-kacangan, sayuran dan gandum, serta hindari minuman manis.
Edema Makula Diabetik2;Edema makula diabetik adalah penebalan pada retina akibat menumpuknya cairan di dalam mata. Penyakit bernama lain diabetic macular edema/DME ini merupakan bagian dari komplikasi diabetes retinopati diabetik. DME terjadi bila cairan berlebih menumpuk di dalam makula.;Berikut beberapa tips yang bisa Anda lakukan untuk mengurangi risiko edema makula diabetik  Melakukan pemeriksaan kadar gula darah secara berkala, Menjalani pola makan sehat dan berolahraga secara rutin, Mengonsumsi obat diabetes sesuai anjuran dokter, Menjaga kadar kolesterol dan tekanan darah dalam rentang yang normal, Memeriksakan mata ke dokter secara rutin, Tidak mengabaikan gejala apa pun yang timbul pada mata Anda.;Untuk mengendalikan diabetes, penting untuk mengikuti diet sehat dan mengonsumsi karbohidrat, serat, ikan kaya omega-3 dan lemak baik. Karbohidrat kompleks perlahan-lahan diserap ke dalam tubuh, menghindari lonjakan kadar gula darah. Fokus pada biji-bijian utuh, sayuran dan buah-buahan yang akan meminimalkan risiko diabetes mellitus. Serat membantu mencerna makanan dan membantu mengendalikan kadar gula darah. Konsumsilah makanan yang memiliki kandungan serat tinggi, seperti buah-buahan, kacang-kacangan, sayuran dan gandum, serta hindari minuman manis.
Edema Makula Diabetik3;Edema makula diabetik adalah penebalan pada retina akibat menumpuknya cairan di dalam mata. Penyakit bernama lain diabetic macular edema/DME ini merupakan bagian dari komplikasi diabetes retinopati diabetik. DME terjadi bila cairan berlebih menumpuk di dalam makula.;Berikut beberapa tips yang bisa Anda lakukan untuk mengurangi risiko edema makula diabetik  Melakukan pemeriksaan kadar gula darah secara berkala, Menjalani pola makan sehat dan berolahraga secara rutin, Mengonsumsi obat diabetes sesuai anjuran dokter, Menjaga kadar kolesterol dan tekanan darah dalam rentang yang normal, Memeriksakan mata ke dokter secara rutin, Tidak mengabaikan gejala apa pun yang timbul pada mata Anda.;Untuk mengendalikan diabetes, penting untuk mengikuti diet sehat dan mengonsumsi karbohidrat, serat, ikan kaya omega-3 dan lemak baik. Karbohidrat kompleks perlahan-lahan diserap ke dalam tubuh, menghindari lonjakan kadar gula darah. Fokus pada biji-bijian utuh, sayuran dan buah-buahan yang akan meminimalkan risiko diabetes mellitus. Serat membantu mencerna makanan dan membantu mengendalikan kadar gula darah. Konsumsilah makanan yang memiliki kandungan serat tinggi, seperti buah-buahan, kacang-kacangan, sayuran dan gandum, serta hindari minuman manis.
Derpomatik Diabetik;Derpomatik diabetik adalah kerusakan yang terjadi pada pengidap diabetes akibat gula darah tinggi melukai saraf di seluruh tubuh. Kondisi ini paling sering terjadi pada tungkai dan kaki. Selain itu, dampaknya dapat terjadi pada sistem pencernaan, saluran kemih, dan pembuluh darah serta jantung. ;Berikut beberapa tips yang bisa Anda lakukan untuk mengurangi risiko edema makula diabetik  Melakukan pemeriksaan kadar gula darah secara berkala, Menjalani pola makan sehat dan berolahraga secara rutin, Mengonsumsi obat diabetes sesuai anjuran dokter, Menjaga kadar kolesterol dan tekanan darah dalam rentang yang normal, Memeriksakan mata ke dokter secara rutin, Tidak mengabaikan gejala apa pun yang timbul pada kulit Anda.;Untuk mengendalikan diabetes, penting untuk mengikuti diet sehat dan mengonsumsi karbohidrat, serat, ikan kaya omega-3 dan lemak baik. Karbohidrat kompleks perlahan-lahan diserap ke dalam tubuh, menghindari lonjakan kadar gula darah. Fokus pada biji-bijian utuh, sayuran dan buah-buahan yang akan meminimalkan risiko diabetes mellitus. Serat membantu mencerna makanan dan membantu mengendalikan kadar gula darah. Konsumsilah makanan yang memiliki kandungan serat tinggi, seperti buah-buahan, kacang-kacangan, sayuran dan gandum, serta hindari minuman manis.
Derpomatik Diabetik1;Derpomatik diabetik adalah kerusakan yang terjadi pada pengidap diabetes akibat gula darah tinggi melukai saraf di seluruh tubuh. Kondisi ini paling sering terjadi pada tungkai dan kaki. Selain itu, dampaknya dapat terjadi pada sistem pencernaan, saluran kemih, dan pembuluh darah serta jantung. ;Berikut beberapa tips yang bisa Anda lakukan untuk mengurangi risiko edema makula diabetik  Melakukan pemeriksaan kadar gula darah secara berkala, Menjalani pola makan sehat dan berolahraga secara rutin, Mengonsumsi obat diabetes sesuai anjuran dokter, Menjaga kadar kolesterol dan tekanan darah dalam rentang yang normal, Memeriksakan mata ke dokter secara rutin, Tidak mengabaikan gejala apa pun yang timbul pada kulit Anda.;Untuk mengendalikan diabetes, penting untuk mengikuti diet sehat dan mengonsumsi karbohidrat, serat, ikan kaya omega-3 dan lemak baik. Karbohidrat kompleks perlahan-lahan diserap ke dalam tubuh, menghindari lonjakan kadar gula darah. Fokus pada biji-bijian utuh, sayuran dan buah-buahan yang akan meminimalkan risiko diabetes mellitus. Serat membantu mencerna makanan dan membantu mengendalikan kadar gula darah. Konsumsilah makanan yang memiliki kandungan serat tinggi, seperti buah-buahan, kacang-kacangan, sayuran dan gandum, serta hindari minuman manis.
Derpomatik Diabetik2;Derpomatik diabetik adalah kerusakan yang terjadi pada pengidap diabetes akibat gula darah tinggi melukai saraf di seluruh tubuh. Kondisi ini paling sering terjadi pada tungkai dan kaki. Selain itu, dampaknya dapat terjadi pada sistem pencernaan, saluran kemih, dan pembuluh darah serta jantung. ;Berikut beberapa tips yang bisa Anda lakukan untuk mengurangi risiko edema makula diabetik  Melakukan pemeriksaan kadar gula darah secara berkala, Menjalani pola makan sehat dan berolahraga secara rutin, Mengonsumsi obat diabetes sesuai anjuran dokter, Menjaga kadar kolesterol dan tekanan darah dalam rentang yang normal, Memeriksakan mata ke dokter secara rutin, Tidak mengabaikan gejala apa pun yang timbul pada kulit Anda.;Untuk mengendalikan diabetes, penting untuk mengikuti diet sehat dan mengonsumsi karbohidrat, serat, ikan kaya omega-3 dan lemak baik. Karbohidrat kompleks perlahan-lahan diserap ke dalam tubuh, menghindari lonjakan kadar gula darah. Fokus pada biji-bijian utuh, sayuran dan buah-buahan yang akan meminimalkan risiko diabetes mellitus. Serat membantu mencerna makanan dan membantu mengendalikan kadar gula darah. Konsumsilah makanan yang memiliki kandungan serat tinggi, seperti buah-buahan, kacang-kacangan, sayuran dan gandum, serta hindari minuman manis.
Derpomatik Diabetik3;Derpomatik diabetik adalah kerusakan yang terjadi pada pengidap diabetes akibat gula darah tinggi melukai saraf di seluruh tubuh. Kondisi ini paling sering terjadi pada tungkai dan kaki. Selain itu, dampaknya dapat terjadi pada sistem pencernaan, saluran kemih, dan pembuluh darah serta jantung. ;Berikut beberapa tips yang bisa Anda lakukan untuk mengurangi risiko edema makula diabetik  Melakukan pemeriksaan kadar gula darah secara berkala, Menjalani pola makan sehat dan berolahraga secara rutin, Mengonsumsi obat diabetes sesuai anjuran dokter, Menjaga kadar kolesterol dan tekanan darah dalam rentang yang normal, Memeriksakan mata ke dokter secara rutin, Tidak mengabaikan gejala apa pun yang timbul pada kulit Anda.;Untuk mengendalikan diabetes, penting untuk mengikuti diet sehat dan mengonsumsi karbohidrat, serat, ikan kaya omega-3 dan lemak baik. Karbohidrat kompleks perlahan-lahan diserap ke dalam tubuh, menghindari lonjakan kadar gula darah. Fokus pada biji-bijian utuh, sayuran dan buah-buahan yang akan meminimalkan risiko diabetes mellitus. Serat membantu mencerna makanan dan membantu mengendalikan kadar gula darah. Konsumsilah makanan yang memiliki kandungan serat tinggi, seperti buah-buahan, kacang-kacangan, sayuran dan gandum, serta hindari minuman manis.
Difungsi Ereksi;Disfungsi ereksi adalah kondisi yang dapat menurunkan rasa percaya diri bagi kaum pria. Kondisi ini akan mempengaruhi hubungan seksual dengan pasangannya dan bisa menjadi salah satu tanda adanya penyakit tertentu.;Langkah- langkah berikut bisa membuat Difungsi Ereksi Anda membaik  Perbanyak lakukan aktfiitas yang membuat Anda rileks, seperti dengan bermeditasi, melampiaskan hobi, berlibur, beribadah, Kelola stres Anda dengan baik, Teratur berolahraga setiap hari, Jangan dulu beraktifitas fisik terlalu lelah, tidurlah yang cukup dan teratur, Makan variasi makanan bergizi seimbang, terutama yang mengandung kaya vitamin C, Jangan merokok, Jangan sembarangan minum obat atau jamu kuat tanpa saran dari dokter;Sebelum prosedur pengobatan dilakukan, makanan-makanan berikut diklaim ampuh dalam mengatasi disfungsi ereksi, yaitu  Tiram, Daging Organik, Buah Pisang, Buah Berry, Coklat Hitam, Ikan, Bawang
Difungsi Ereksi1;Disfungsi ereksi adalah kondisi yang dapat menurunkan rasa percaya diri bagi kaum pria. Kondisi ini akan mempengaruhi hubungan seksual dengan pasangannya dan bisa menjadi salah satu tanda adanya penyakit tertentu.;Langkah- langkah berikut bisa membuat Difungsi Ereksi Anda membaik  Perbanyak lakukan aktfiitas yang membuat Anda rileks, seperti dengan bermeditasi, melampiaskan hobi, berlibur, beribadah, Kelola stres Anda dengan baik, Teratur berolahraga setiap hari, Jangan dulu beraktifitas fisik terlalu lelah, tidurlah yang cukup dan teratur, Makan variasi makanan bergizi seimbang, terutama yang mengandung kaya vitamin C, Jangan merokok, Jangan sembarangan minum obat atau jamu kuat tanpa saran dari dokter;Sebelum prosedur pengobatan dilakukan, makanan-makanan berikut diklaim ampuh dalam mengatasi disfungsi ereksi, yaitu  Tiram, Daging Organik, Buah Pisang, Buah Berry, Coklat Hitam, Ikan, Bawang
Kardivoskuler;Penyakit kardiovaskular atau cardiovascular disease (CVD) adalah penyakit yang berkaitan dengan jantung dan pembuluh darah.Penyakit kardiovaskular yang umum adalah penyakit jantung iskemik (ischemic heart disease atau IHD), strok, penyakit jantung akibat tekanan darah tinggi atau penyakit jantung hipertensi (hypertensive heart disease), penyakit jantung reumatik (rheumatic heart disease atau RHD), aneurisma aorta (aortic aneurysm), kardiomiopati (cardiomyopathy), fibrilasi atrium (atrial fibrillation), penyakit jantung bawaan (congenital heart disease), endokarditis, dan penyakit arteri perifer (peripheral artery disease atau PAD).Penyakit kardiovaskuler terjadi karena adanya gangguan pada  jantung dan pembuluh darah.;Gaya hidup yang dapat diterapkan untuk menurunkan resiko kardiovaskuler lakukan lakukan aktivitas fisik moderat secara rutin, yakni 150 menit per minggu sesuai rekomendasi Organisasi Kesehatan Dunia (WHO), menerapkan pola makan sehat dan seimbang serta menjaga indeks massa tubuh (IMT).;Penyakit kardiovaskular Secara garis besar, makanan sehat yang berguna bagi kesehatan jantung antara lain beras merah, sayuran hijau, ikan, buah seperti alpukat , apel, pepaya, pisang, jeruk, dan lainnya, bisa ditambah konsumsi minyak zaitun. Begitu juga bagi pasien jantung, pola makan memegang peranan agar ritme kerja jantung berfungsi secara normal tanpa adanya penyumbatan di pembuluh darah akibat pola makan yang salah.
Parkinson;Penyakit Parkinson menyerang sel saraf yang bertanggung jawab untuk mengendalikan gerakan. Pengidap penyakit ini mengalami penurunan produksi dopamin akibat sel saraf dopaminergik mengalami degenerasi sehingga tubuh kehilangan kontrol gerak dan keseimbangan.;Untuk menurunkan resiko penyakit parkinson maka kita harus banyak melakukan aktivitas seni Hal ini dikarenakan aktivitas seni membutuhkan koordinasi antara otak dan otot menjadi lebih baik, olahraga secara rutin dan konsumsi makanan bergizi seimbang. ;Minyak Ikan dan Asam Lemak Omega-3 mengonsumsi ikan berlemak yang kaya omega-3 atau suplemen omega-3 baik untuk dikonsumsi pengidap Parkinson. Jenis ikan dan makanan laut yang mengandung asam lemak omega-3 tinggi, antara lain ˇ Ikan kembung. ˇ Ikan salmon.
Parkinson1;Penyakit Parkinson menyerang sel saraf yang bertanggung jawab untuk mengendalikan gerakan. Pengidap penyakit ini mengalami penurunan produksi dopamin akibat sel saraf dopaminergik mengalami degenerasi sehingga tubuh kehilangan kontrol gerak dan keseimbangan.;Untuk menurunkan resiko penyakit parkinson maka kita harus banyak melakukan aktivitas seni Hal ini dikarenakan aktivitas seni membutuhkan koordinasi antara otak dan otot menjadi lebih baik, olahraga secara rutin dan konsumsi makanan bergizi seimbang. ;Minyak Ikan dan Asam Lemak Omega-3 mengonsumsi ikan berlemak yang kaya omega-3 atau suplemen omega-3 baik untuk dikonsumsi pengidap Parkinson. Jenis ikan dan makanan laut yang mengandung asam lemak omega-3 tinggi, antara lain ˇ Ikan kembung. ˇ Ikan salmon.
Parkinson2;Penyakit Parkinson menyerang sel saraf yang bertanggung jawab untuk mengendalikan gerakan. Pengidap penyakit ini mengalami penurunan produksi dopamin akibat sel saraf dopaminergik mengalami degenerasi sehingga tubuh kehilangan kontrol gerak dan keseimbangan.;Untuk menurunkan resiko penyakit parkinson maka kita harus banyak melakukan aktivitas seni Hal ini dikarenakan aktivitas seni membutuhkan koordinasi antara otak dan otot menjadi lebih baik, olahraga secara rutin dan konsumsi makanan bergizi seimbang. ;Minyak Ikan dan Asam Lemak Omega-3 mengonsumsi ikan berlemak yang kaya omega-3 atau suplemen omega-3 baik untuk dikonsumsi pengidap Parkinson. Jenis ikan dan makanan laut yang mengandung asam lemak omega-3 tinggi, antara lain ˇ Ikan kembung. ˇ Ikan salmon.
Parkinson3;Penyakit Parkinson menyerang sel saraf yang bertanggung jawab untuk mengendalikan gerakan. Pengidap penyakit ini mengalami penurunan produksi dopamin akibat sel saraf dopaminergik mengalami degenerasi sehingga tubuh kehilangan kontrol gerak dan keseimbangan.;Untuk menurunkan resiko penyakit parkinson maka kita harus banyak melakukan aktivitas seni Hal ini dikarenakan aktivitas seni membutuhkan koordinasi antara otak dan otot menjadi lebih baik, olahraga secara rutin dan konsumsi makanan bergizi seimbang. ;Minyak Ikan dan Asam Lemak Omega-3 mengonsumsi ikan berlemak yang kaya omega-3 atau suplemen omega-3 baik untuk dikonsumsi pengidap Parkinson. Jenis ikan dan makanan laut yang mengandung asam lemak omega-3 tinggi, antara lain ˇ Ikan kembung. ˇ Ikan salmon.
